Receipt number	Transaction Type	Order date	Product name	Name	ICANN fee	Length	Subtotal amount	Tax amount	Order total	Currency
1778824034		2020-11-17T12:29:02.000Z	.COM Domain Renewal	XETHS.COM	0.15	1 Year	15.99	3.23	19.37	GBP
1777942191		2020-11-15T13:56:23.000Z	.UK Domain Renewal	EDUC.UK	0	1 Year	11.99	2.4	14.39	GBP
1775576811		2020-11-10T13:45:26.000Z	Gen4 VPS Linux 1 CPU - Renewal - 1 year(s)		0	1 Year	119.88	23.98	143.86	GBP
1773346197		2020-11-05T17:48:48.000Z	.COM Domain Renewal	D8A.COM	0.15	1 Year	15.99	3.23	19.37	GBP
1771670872		2020-11-02T13:22:23.000Z	Deluxe Linux Hosting with cPanel Renewal	oxlu.com	0	1 Month	7.99	1.6	9.59	GBP
1765256113		2020-10-19T16:20:23.000Z	Standard SSL Renewal	coinatomy.com	0	1 Year	59.99	12	71.99	GBP
1757222785		2020-10-02T15:37:57.000Z	Deluxe Linux Hosting with cPanel Renewal	oxlu.com	0	1 Month	7.99	1.6	9.59	GBP
1755621674		2020-09-28T20:35:40.000Z	.COM Domain Renewal	WHOED.COM	0.15	1 Year	15.99	3.23	19.37	GBP
1741070376		2020-09-02T12:54:50.000Z	Deluxe Linux Hosting with cPanel Renewal	oxlu.com	0	1 Month	7.99	1.6	9.59	GBP
1738781215		2020-08-28T09:33:28.000Z	.COM Domain Registration	unichad.com	0.3	2 Year	23.89	4.84	29.03	GBP
1738781215		2020-08-28T09:33:28.000Z	Full Domain Privacy and Protection	unichad.com	0	2 Year	11.08	2.21	13.29	GBP
1732558393		2020-08-15T12:04:58.000Z	.COM Domain Renewal	ERC20S.COM	0.15	1 Year	15.99	3.23	19.37	GBP
1732558393		2020-08-15T12:04:58.000Z	Full Domain Privacy and Protection - Renewal	ERC20S.COM	0	1 Year	8.99	1.8	10.79	GBP
1732162353		2020-08-14T13:43:16.000Z	Website Security Basic		0	1 Year	17.88	3.58	21.46	GBP
1731688999		2020-08-13T13:08:13.000Z	.COM Domain Renewal	SUCHAMIRACLE.COM	0.15	1 Year	15.99	3.23	19.37	GBP
1728858639		2020-08-07T13:11:16.000Z	.COM Domain Renewal	0I1.COM	0.15	1 Year	15.99	3.23	19.37	GBP
1726421075		2020-08-02T12:51:21.000Z	Deluxe Linux Hosting with cPanel Renewal	oxlu.com	0	1 Month	7.99	1.6	9.59	GBP
1725300075		2020-07-30T12:23:45.000Z	.COM Domain Renewal	oxlu.com	0.15	1 Year	15.99	3.23	19.37	GBP
1717458224		2020-07-14T13:05:59.000Z	.COM Domain Registration	ethbible.com	0.3	2 Year	16.83	3.43	20.56	GBP
1712080345		2020-07-02T12:59:11.000Z	Deluxe Linux Hosting with cPanel Renewal	oxlu.com	0	1 Month	7.99	1.6	9.59	GBP
1698599283		2020-06-07T12:46:39.000Z	.COM Domain Renewal	EZXCOIN.COM	0.3	2 Year	31.98	6.46	38.74	GBP
1695983809		2020-06-02T17:05:21.000Z	Deluxe Linux Hosting with cPanel Renewal	oxlu.com	0	1 Month	7.99	1.6	9.59	GBP
1695983809		2020-06-02T17:05:21.000Z	Renewal Usage		0	1 Month	0	0	0	GBP
1690282521		2020-05-23T12:37:18.000Z	.UK Domain Renewal	LOLS.UK	0	1 Year	11.99	2.4	14.39	GBP
1678286073		2020-05-02T12:55:38.000Z	Deluxe Linux Hosting with cPanel Renewal	oxlu.com	0	1 Month	7.99	1.6	9.59	GBP
1678286073		2020-05-02T12:55:38.000Z	Renewal Usage		0	1 Month	0	0	0	GBP
1661262615		2020-04-02T12:51:19.000Z	Deluxe Linux Hosting with cPanel Renewal	oxlu.com	0	1 Month	7.99	1.6	9.59	GBP
1661262615		2020-04-02T12:51:19.000Z	Renewal Usage		0	1 Month	0	0	0	GBP
1651457382		2020-03-17T12:34:19.000Z	.COM Domain Renewal	CIG-E.COM	0.22	2 Year	31.98	6.44	38.64	GBP
1643642935		2020-03-02T16:47:20.000Z	Deluxe Linux Hosting with cPanel Renewal	oxlu.com	0	1 Month	7.99	1.6	9.59	GBP
1643642935		2020-03-02T16:47:20.000Z	Renewal Usage		0	1 Month	0	0	0	GBP
1632002145		2020-02-10T23:24:50.000Z	.RED Domain Transfer	bet.red	0.22	2 Year	37.24	7.49	44.95	GBP
1627246029		2020-02-02T12:46:06.000Z	Deluxe Linux Hosting with cPanel Renewal	oxlu.com	0	1 Month	7.99	1.6	9.59	GBP
1627246029		2020-02-02T12:46:06.000Z	Renewal Usage		0	1 Month	0	0	0	GBP
1624504307		2020-01-30T13:28:14.000Z	.COM Domain Registration	dorkl.com	0.22	2 Year	16.87	3.42	20.51	GBP
1624504307		2020-01-30T13:28:14.000Z	Full Domain Privacy and Protection	dorkl.com	0	2 Year	11.98	2.39	14.37	GBP
1624504307		2020-01-30T13:28:14.000Z	Private Domain Registration	dorkl.com	0	2 Year	0	0	0	GBP
1624504307		2020-01-30T13:28:14.000Z	Business Registration	dorkl.com	0	2 Year	0	0	0	GBP
1624504307		2020-01-30T13:28:14.000Z	Domain Ownership Protection	dorkl.com	0	2 Year	0	0	0	GBP
1623813857		2020-01-26T16:32:07.000Z	Premium Listing	01-7.COM	0	1 Month	0	0	0	GBP
1623813857		2020-01-26T16:32:07.000Z	Premium Listing	141593.COM	0	1 Month	0	0	0	GBP
1623813857		2020-01-26T16:32:07.000Z	Premium Listing	6-67.COM	0	1 Month	0	0	0	GBP
1623813857		2020-01-26T16:32:07.000Z	Premium Listing	MYNBLOCK.COM	0	1 Month	0	0	0	GBP
1617370767		2020-01-14T17:45:19.000Z	.UK Domain Renewal	H-C.UK	0	2 Year	23.98	4.8	28.78	GBP
1614980495		2020-01-10T11:50:51.000Z	.COM Domain Renewal	0bv.com	0.11	1 Year	15.99	3.22	19.32	GBP
1610669646		2020-01-02T11:20:32.000Z	Deluxe Linux Hosting with cPanel Renewal	oxlu.com	0	1 Month	7.99	1.6	9.59	GBP
1610669646		2020-01-02T11:20:32.000Z	Renewal Usage		0	1 Month	0	0	0	GBP
1609739692		2019-12-30T17:05:19.000Z	.COM Domain Renewal	9OLF.COM	0.11	1 Year	15.99	3.22	19.32	GBP
1605685070		2019-12-22T11:00:13.000Z	.IO Domain Renewal	M-N.IO	0	1 Year	46.14	9.23	55.37	GBP
1603753072		2019-12-18T12:18:42.000Z	.COM Domain Renewal	VERKL.COM	0.22	2 Year	31.98	6.44	38.64	GBP
1603753072		2019-12-18T12:18:42.000Z	Private Domain Registration Renewal	VERKL.COM	0	2 Year	15.98	3.2	19.18	GBP
1599151640		2019-12-09T10:54:35.000Z	.COM Domain Renewal	SKTBRDNG.COM	0.11	1 Year	15.99	3.22	19.32	GBP
1597448594		2019-12-05T19:06:33.000Z	.COM Domain Registration	shopdefi.com	0.11	1 Year	9.88	2	11.99	GBP
1597448594		2019-12-05T19:06:33.000Z	.COM Domain Registration	defiscal.com	0.22	2 Year	16.87	3.42	20.51	GBP
1595645195		2019-12-02T11:59:24.000Z	Deluxe Linux Hosting with cPanel Renewal	oxlu.com	0	1 Month	9.99	2	11.99	EUR
1595645195		2019-12-02T11:59:24.000Z	Renewal Usage		0	1 Month	0	0	0	EUR
1590827026		2019-11-22T18:17:26.000Z	.COM Domain Renewal	COINATOMY.COM	0.28	2 Year	37.98	7.65	45.91	EUR
1587767047		2019-11-17T00:49:23.000Z	.COM Domain Registration	xeths.com	0.14	1 Year	9.99	2.03	12.16	EUR
1586915542		2019-11-15T11:52:58.000Z	.UK Domain Renewal	EDUC.UK	0	1 Year	11.99	2.4	14.39	GBP
1556552922		2019-11-10T21:13:00.000Z	Gen4 VPS Linux 1 CPU - 1 year(s)		0	1 Year	119.88	23.98	143.86	GBP
1556552922		2019-11-10T21:13:00.000Z	Standard SSL	coinatomy.com	0	1 Year	0	0	0	GBP
1582028039		2019-11-05T17:10:35.000Z	.COM Domain Renewal	D8A.COM	0.11	1 Year	15.99	3.22	19.32	GBP
1580212261		2019-11-02T10:28:11.000Z	Deluxe Linux Hosting with cPanel Renewal	oxlu.com	0	1 Month	7.99	1.6	9.59	GBP
1580212261		2019-11-02T10:28:11.000Z	Renewal Usage		0	1 Month	0	0	0	GBP
1573687657		2019-10-20T11:11:30.000Z	.IO Domain Renewal	HGV.IO	0	1 Year	46.53	9.31	55.84	GBP
1564492138		2019-10-02T10:54:10.000Z	Deluxe Linux Hosting with cPanel Renewal	oxlu.com	0	1 Month	7.99	1.6	9.59	GBP
1564492138		2019-10-02T10:54:10.000Z	Renewal Usage		0	1 Month	0	0	0	GBP
1562787461		2019-09-28T19:32:34.000Z	.COM Domain Renewal	WHOED.COM	0.11	1 Year	15.99	3.22	19.32	GBP
1561031519		2019-09-25T16:01:12.000Z	.COM Domain Renewal	VAP0.COM	0.11	1 Year	15.99	3.22	19.32	GBP
1556377345		2019-09-16T21:04:59.000Z	.COM Domain Registration	daiswaps.com	0.22	2 Year	16.87	3.42	20.51	GBP
1554663300		2019-09-13T13:01:02.000Z	.COM Domain Registration	c-dai.com	0.22	2 Year	16.87	3.42	20.51	GBP
1554663300		2019-09-13T13:01:02.000Z	Website Builder Free Trial		0	1 Month	0	0	0	GBP
1554602468		2019-09-13T11:49:34.000Z	.UK Domain Registration	ukai.uk	0	2 Year	12	2.4	14.4	GBP
1554273670		2019-09-12T15:16:44.000Z	.COM Domain Registration	mkrcoin.com	0.22	2 Year	16.87	3.42	20.51	GBP
1554273670		2019-09-12T15:16:44.000Z	.COM Domain Registration	lsecoin.com	0.22	2 Year	16.87	3.42	20.51	GBP
1551549036		2019-09-07T11:37:25.000Z	.COM Domain Registration	godlr.com	0.11	1 Year	9.88	2	11.99	GBP
1549147006		2019-09-02T14:35:35.000Z	Deluxe Linux Hosting with cPanel Renewal	oxlu.com	0	1 Month	7.99	1.6	9.59	GBP
1549147006		2019-09-02T14:35:35.000Z	Renewal Usage		0	1 Month	0	0	0	GBP
1539637505		2019-08-15T01:43:50.000Z	.COM Domain Registration	erc20s.com	0.11	1 Year	9.88	2	11.99	GBP
1539637505		2019-08-15T01:43:50.000Z	Ultimate Domain Protection and Security	erc20s.com	0	1 Year	12.99	2.6	15.59	GBP
1539637505		2019-08-15T01:43:50.000Z	Private Domain Registration	erc20s.com	0	1 Year	0	0	0	GBP
1539637505		2019-08-15T01:43:50.000Z	Domain Ownership Protection	erc20s.com	0	1 Year	0	0	0	GBP
1539637505		2019-08-15T01:43:50.000Z	Website Security Basic		0	1 Year	0	0	0	GBP
1538189487		2019-08-12T12:04:33.000Z	.COM Domain Registration	suchamiracle.com	0.11	1 Year	9.88	2	11.99	GBP
1535485353		2019-08-06T17:57:38.000Z	.COM Domain Renewal	0I1.COM	0.11	1 Year	15.99	3.22	19.32	GBP
1534958768		2019-08-05T18:46:16.000Z	Deluxe Linux Hosting with cPanel Renewal	oxlu.com	0	1 Month	7.99	1.6	9.59	GBP
1534958768		2019-08-05T18:46:16.000Z	Renewal Usage		0	1 Month	0	0	0	GBP
1532546128		2019-08-05T13:34:17.000Z	.COM Domain Registration	gambolr.com	0.22	2 Year	16.87	3.42	20.51	GBP
1532546128		2019-08-05T13:34:17.000Z	Ultimate Domain Protection and Security	gambolr.com	0	2 Year	19.98	3.99	23.97	GBP
1532546128		2019-08-05T13:34:17.000Z	Private Domain Registration	gambolr.com	0	2 Year	0	0	0	GBP
1532546128		2019-08-05T13:34:17.000Z	Domain Ownership Protection	gambolr.com	0	2 Year	0	0	0	GBP
1532546128		2019-08-05T13:34:17.000Z	Website Security Basic		0	2 Year	0	0	0	GBP
1531792172		2019-07-30T10:41:44.000Z	.COM Domain Renewal	oxlu.com	0.11	1 Year	15.99	3.22	19.32	GBP
1517599016		2019-07-02T14:20:01.000Z	Deluxe Linux Hosting with cPanel Renewal	oxlu.com	0	1 Month	7.99	1.6	9.59	GBP
1517599016		2019-07-02T14:20:01.000Z	Renewal Usage		0	1 Month	0	0	0	GBP
1502181736		2019-06-02T12:18:07.000Z	Deluxe Linux Hosting with cPanel Renewal	oxlu.com	0	1 Month	7.99	1.6	9.59	GBP
1502181736		2019-06-02T12:18:07.000Z	Renewal Usage		0	1 Month	0	0	0	GBP
1497262876		2019-05-23T12:17:43.000Z	.UK Domain Renewal	LOLS.UK	0	1 Year	11.99	2.4	14.39	GBP
1486540077		2019-05-02T12:08:53.000Z	Deluxe Linux Hosting with cPanel Renewal	oxlu.com	0	1 Month	7.99	1.6	9.59	GBP
1486540077		2019-05-02T12:08:53.000Z	Renewal Usage		0	1 Month	0	0	0	GBP
1482879109		2019-04-25T11:56:13.000Z	.UK Domain Renewal	FINC.UK	0	1 Year	11.99	2.4	14.39	GBP
1473549501		2019-04-06T19:59:28.000Z	.COM Domain Renewal	runeskape.com	0.11	1 Year	15.99	3.22	19.32	GBP
1471097979		2019-04-02T13:17:11.000Z	Deluxe Linux Hosting with cPanel Renewal	oxlu.com	0	1 Month	7.99	1.6	9.59	GBP
1471097979		2019-04-02T13:17:11.000Z	Renewal Usage		0	1 Month	0	0	0	GBP
1454808937		2019-03-02T12:50:17.000Z	Deluxe Linux Hosting with cPanel Renewal	oxlu.com	0	1 Month	10.99	2.2	13.19	USD
1454808937		2019-03-02T12:50:17.000Z	Renewal Usage		0	1 Month	0	0	0	USD
1437648216		2019-02-09T01:09:40.000Z	.COM Domain Registration	shaolinism.com	0.36	2 Year	20.98	4.27	25.61	USD
1438507677		2019-02-02T14:15:51.000Z	Deluxe Linux Hosting with cPanel Renewal	oxlu.com	0	1 Month	7.99	1.6	9.59	GBP
1438507677		2019-02-02T14:15:51.000Z	Renewal Usage		0	1 Month	0	0	0	GBP
1434675342		2019-01-30T16:52:21.000Z	.COM Domain Registration	bitmecks.com	0.22	2 Year	16.87	3.41	20.5	GBP
1434675342		2019-01-30T16:52:21.000Z	.AT Domain Registration	rekt.at	0	1 Year	13.69	2.74	16.43	GBP
1434675342		2019-01-30T16:52:21.000Z	.COM Domain Registration	dthroat.com	0.22	2 Year	16.87	3.42	20.51	GBP
1431317366		2019-01-25T13:36:07.000Z	.COM Bulk Domain Renewal	IDVERI.COM	0.18	1 Year	14.99	3.03	18.2	USD
1431317366		2019-01-25T13:36:07.000Z	.COM Bulk Domain Renewal	MYNBLOCK.COM	0.18	1 Year	14.99	3.03	18.2	USD
1431317366		2019-01-25T13:36:07.000Z	.COM Bulk Domain Renewal	141593.COM	0.18	1 Year	14.99	3.03	18.2	USD
1431317366		2019-01-25T13:36:07.000Z	.UK Bulk Domain Renewal	6-0.UK	0	2 Year	21.98	4.4	26.38	USD
1431317366		2019-01-25T13:36:07.000Z	.UK Bulk Domain Renewal	IMOT.UK	0	2 Year	21.98	4.4	26.38	USD
1431317366		2019-01-25T13:36:07.000Z	.UK Bulk Domain Renewal	HELF.UK	0	2 Year	23.98	4.8	28.78	USD
1425014415		2019-01-13T19:46:39.000Z	.INFO Domain Renewal	WISEST.INFO	0.14	1 Year	18.99	3.83	22.96	EUR
1422188992		2019-01-02T13:31:42.000Z	Deluxe Linux Hosting with cPanel Renewal	oxlu.com	0	1 Month	7.99	1.6	9.59	GBP
1422188992		2019-01-02T13:31:42.000Z	Renewal Usage		0	1 Month	0	0	0	GBP
1420850485		2018-12-31T17:24:38.000Z	.COM Domain Registration	masternoads.com	0.22	2 Year	13.98	2.84	17.04	GBP
1420850485		2018-12-31T17:24:38.000Z	.COM Domain Registration	mnetf.com	0.22	2 Year	13.98	2.84	17.04	GBP
1420850485		2018-12-31T17:24:38.000Z	.COM Domain Registration	etfmasternode.com	0.22	2 Year	13.98	2.84	17.04	GBP
1420850485		2018-12-31T17:24:38.000Z	.COM Domain Registration	etfmn.com	0.22	2 Year	13.98	2.84	17.04	GBP
1420850485		2018-12-31T17:24:38.000Z	.COM Domain Registration	masternodeetf.com	0.22	2 Year	13.98	2.84	17.04	GBP
1417137960		2018-12-29T11:48:31.000Z	.COM Domain Registration	masternoad.com	0.22	2 Year	13.98	2.84	17.04	GBP
1417118899		2018-12-21T19:38:20.000Z	.IO Bulk Domain Registration	"v-r.io, b-j.io, s-x.io, a-c.io, m-n.io"	0	1 Year	162.47	32.49	194.96	GBP
1417118899		2018-12-21T19:38:20.000Z	.COM Bulk Domain Registration	"xbtmn.com, 0tai.com"	0.44	2 Year	25.35	5.16	30.95	GBP
1409223047		2018-12-08T20:56:03.000Z	.COM Domain Registration	shaolinskate.com	0.22	2 Year	7.98	1.64	9.84	GBP
1409223047		2018-12-08T20:56:03.000Z	.COM Domain Registration	sktbrdng.com	0.11	1 Year	6.99	1.42	8.52	GBP
1404806895		2018-12-04T12:39:02.000Z	.UK Domain Registration	steem.uk	0	2 Year	11.98	2.4	14.38	USD
1407533876		2018-12-02T15:06:31.000Z	Deluxe Linux Hosting with cPanel Renewal	oxlu.com	0	1 Month	7.99	1.6	9.59	GBP
1407533876		2018-12-02T15:06:31.000Z	Renewal Usage		0	1 Month	0	0	0	GBP
1400030694		2018-11-25T03:21:00.000Z	.COM Domain Registration	waygerr.com	0.22	2 Year	13.87	2.82	16.91	GBP
1399319821		2018-11-17T22:37:03.000Z	.COM Domain Renewal	0BV.COM	0.11	1 Year	12.99	2.62	15.72	GBP
1399319821		2018-11-17T22:37:03.000Z	.UK Domain Renewal	EDUC.UK	0	1 Year	9.99	2	11.99	GBP
1392078637		2018-11-02T16:03:16.000Z	Deluxe Linux Hosting with cPanel Renewal	oxlu.com	0	1 Month	7.99	1.6	9.59	GBP
1392078637		2018-11-02T16:03:16.000Z	Renewal Usage		0	1 Month	0	0	0	GBP
1386690881		2018-10-31T04:15:40.000Z	.IO Domain Renewal	HGV.IO	0	1 Year	46.8	9.36	56.16	GBP
1378251252		2018-10-05T01:18:07.000Z	.COM Domain Renewal	VAP0.COM	0.11	1 Year	12.99	2.62	15.72	GBP
1378251252		2018-10-05T01:18:07.000Z	.COM Domain Renewal	WHOED.COM	0.11	1 Year	12.99	2.62	15.72	GBP
1378251252		2018-10-05T01:18:07.000Z	.COM Domain Renewal	D8A.COM	0.11	1 Year	12.99	2.62	15.72	GBP
1377034788		2018-10-02T14:42:23.000Z	Deluxe Linux Hosting with cPanel	oxlu.com	0	1 Month	5.59	1.12	6.71	GBP
1346451232		2018-08-04T01:47:57.000Z	.COM Domain Renewal	0I1.COM	0.11	1 Year	12.99	2.62	15.72	GBP
1319820168		2018-06-08T07:52:43.000Z	Deluxe Linux Hosting with cPanel Renewal	oxlu.com	0	1 Month	7.99	1.6	9.59	GBP
1319820168		2018-06-08T07:52:43.000Z	Renewal Usage		0	1 Month	0	0	0	GBP
1318895177		2018-06-06T11:26:32.000Z	.COM Domain Registration	ezxcoin.com	0.22	2 Year	13.87	2.82	16.91	GBP
1306763846		2018-05-11T06:33:25.000Z	.UK Domain Registration	midz.uk	0	2 Year	21.98	4.4	26.38	USD
1305730818		2018-05-08T22:14:42.000Z	Deluxe Linux Hosting with cPanel Renewal	oxlu.com	0	1 Month	119.99	24	143.99	ARS
1305730818		2018-05-08T22:14:42.000Z	Renewal Usage		0	1 Month	0	0	0	ARS
1305730818		2018-05-08T22:14:42.000Z	Quick Domain Redemption Fee	"FINC.UK, HELF.UK"	0	1 One time	0	0	0	ARS
1305730818		2018-05-08T22:14:42.000Z	.UK Domain Renewal	"FINC.UK, HELF.UK"	0	1 Year	480.96	96.19	577.15	ARS
1305730818		2018-05-08T22:14:42.000Z	.UK Domain Renewal	LOLS.UK	0	1 Year	240.48	48.09	288.57	ARS
1305730818		2018-05-08T22:14:42.000Z	.COM Domain Renewal	OXLU.COM	1.75	1 Year	319.99	64.35	386.09	ARS
1291322420		2018-04-08T17:52:54.000Z	.COM Domain Registration	hmrccoin.com	0.22	2 Year	13.87	2.82	16.91	GBP
1286637840		2018-04-06T14:56:26.000Z	Deluxe Linux Hosting with cPanel Renewal	oxlu.com	0	1 Month	7.99	1.6	9.59	GBP
1286637840		2018-04-06T14:56:26.000Z	Renewal Usage		0	1 Month	0	0	0	GBP
1286637840		2018-04-06T14:56:26.000Z	.COM Domain Renewal	RUNESKAPE.COM	0.11	1 Year	12.99	2.62	15.72	GBP
1280289569		2018-03-16T13:06:06.000Z	.COM Domain Registration	cig-e.com	0.22	2 Year	13.87	2.82	16.91	GBP
1278056301		2018-03-12T19:55:44.000Z	.COM Domain Registration	6-67.com	0.22	2 Year	13.87	2.82	16.91	GBP
1276845721		2018-03-09T17:11:18.000Z	.COM Domain Registration	01-7.com	0.22	2 Year	13.87	2.82	16.91	GBP
1276837275		2018-03-09T17:01:37.000Z	.COM Domain Registration	03-1.com	0.11	1 Year	9.88	2	11.99	GBP
1276406871		2018-03-09T15:25:33.000Z	Deluxe Linux Hosting with cPanel Renewal	oxlu.com	0	1 Month	7.99	1.6	9.59	GBP
1276406871		2018-03-09T15:25:33.000Z	Renewal Usage		0	1 Month	0	0	0	GBP
										
										
										
										
1260053130		2018-02-05T12:19:53.000Z	Deluxe Linux Hosting with cPanel Renewal	oxlu.com	0	1 Month	10.99	2.2	13.19	USD
1260053130		2018-02-05T12:19:53.000Z	Renewal Usage		0	1 Month	0	0	0	USD
										
										
										
										
1252349958		2018-01-19T22:56:55.000Z	.COM Domain Registration	pc-b.com	0.18	1 Year	11.99	2.43	14.6	USD
1250319920		2018-01-15T20:16:57.000Z	.COM Domain Registration	mynblock.com	0.18	1 Year	10.49	2.13	12.8	USD
										
1249981512		2018-01-15T11:49:15.000Z	.UK Domain Renewal	6-0.UK	0	1 Year	10.99	2.2	13.19	USD
1249874764		2018-01-14T23:31:44.000Z	.UK Domain Registration	h-c.uk	0	2 Year	15.39	3.08	18.47	USD
1249689309		2018-01-14T15:17:47.000Z	.COM Domain Registration	idveri.com	0.18	1 Year	11.99	2.43	14.6	USD
1248371524		2018-01-12T16:00:29.000Z	.COM Domain Registration	ipoai.com	0.18	1 Year	11.99	2.43	14.6	USD
										
1248371524		2018-01-12T16:00:29.000Z	.CO Domain Registration	vblock.co	0	1 Year	11.99	2.4	14.39	USD
1248371524		2018-01-12T16:00:29.000Z	.IO Domain Registration	wisest.io	0	1 Year	44.99	9	53.99	USD
1248371524		2018-01-12T16:00:29.000Z	.INFO Domain Registration	wisest.info	0.18	1 Year	2.99	0.63	3.8	USD
1245714644		2018-01-09T13:46:47.000Z	.UK Domain Registration	toke.uk	0	2 Year	10	2	12	GBP
1241156776		2018-01-05T21:53:34.000Z	.UK Domain Registration	seep.uk	0	2 Year	10	2	12	GBP
1241156776		2018-01-05T21:53:34.000Z	Deluxe Linux Hosting with cPanel Renewal	oxlu.com	0	1 Month	7.99	1.59	9.58	GBP
1241156776		2018-01-05T21:53:34.000Z	Renewal Usage		0	1 Month	0	0	0	GBP
1241156776		2018-01-05T21:53:34.000Z	.COM Domain Renewal	9OLF.COM	0.22	2 Year	25.98	5.24	31.44	GBP
1241156776		2018-01-05T21:53:34.000Z	.COM Domain Registration	aigrl.com	0.22	2 Year	13.87	2.82	16.91	GBP
1241156776		2018-01-05T21:53:34.000Z	.COM Domain Registration	cloai.com	0.22	2 Year	13.87	2.82	16.91	GBP
1237580708		2017-12-17T22:57:06.000Z	.COM Domain Registration	verkl.com	0.22	2 Year	13.87	2.82	16.91	GBP
1237580708		2017-12-17T22:57:06.000Z	Private Domain Registration	verkl.com	0	2 Year	9.98	1.99	11.97	GBP
1237580708		2017-12-17T22:57:06.000Z	.COM Domain Renewal	0BV.COM	0.11	1 Year	12.99	2.62	15.72	GBP
1237580708		2017-12-17T22:57:06.000Z	.COM Domain Renewal	141593.COM	0.11	1 Year	12.99	2.62	15.72	GBP
1237080523		2017-12-17T13:11:14.000Z	.COM Domain Registration	carpenny.com	0.22	2 Year	13.87	2.82	16.91	GBP
1237080523		2017-12-17T13:11:14.000Z	Private Domain Registration	carpenny.com	0	2 Year	9.98	1.99	11.97	GBP
										
1234618591		2017-12-11T18:26:19.000Z	Deluxe Linux Hosting with cPanel Renewal	oxlu.com	0	1 Month	7.99	1.6	9.59	GBP
1234618591		2017-12-11T18:26:19.000Z	Renewal Usage		0	1 Month	0	0	0	GBP
1233992025		2017-12-10T14:13:15.000Z	Premium Listing	P0PZ.COM	0	1 Month	0	0	0	GBP
1233992025		2017-12-10T14:13:15.000Z	Premium Listing	VAP0.COM	0	1 Month	0	0	0	GBP
1233992025		2017-12-10T14:13:15.000Z	Premium Listing	FAILX.COM	0	1 Month	0	0	0	GBP
1233992025		2017-12-10T14:13:15.000Z	Premium Listing	DE4LZ.COM	0	1 Month	0	0	0	GBP
1233992025		2017-12-10T14:13:15.000Z	Premium Listing	IMG0R.COM	0	1 Month	0	0	0	GBP
1233992025		2017-12-10T14:13:15.000Z	Premium Listing	FLILM.COM	0	1 Month	0	0	0	GBP
1233992025		2017-12-10T14:13:15.000Z	Premium Listing	EATFB.COM	0	1 Month	0	0	0	GBP
1233992025		2017-12-10T14:13:15.000Z	Premium Listing	RUNESKAPE.COM	0	1 Month	0	0	0	GBP
1233992025		2017-12-10T14:13:15.000Z	Premium Listing	A-OL.COM	0	1 Month	0	0	0	GBP
1233992025		2017-12-10T14:13:15.000Z	Premium Listing	MOT4.COM	0	1 Month	0	0	0	GBP
1233992025		2017-12-10T14:13:15.000Z	Premium Listing	MATT9.COM	0	1 Month	0	0	0	GBP
1233992025		2017-12-10T14:13:15.000Z	Premium Listing	WHOED.COM	0	1 Month	0	0	0	GBP
1233992025		2017-12-10T14:13:15.000Z	Premium Listing	WEXCY.COM	0	1 Month	0	0	0	GBP
1233992025		2017-12-10T14:13:15.000Z	Premium Listing	GE4RS.COM	0	1 Month	0	0	0	GBP
1231773025		2017-12-10T14:02:20.000Z	Premium Listing	9OLF.COM	0	1 Month	0	0	0	GBP
1224723461		2017-11-22T00:07:58.000Z	.COM Domain Registration	coinatomy.com	0.22	2 Year	13.87	2.82	16.91	GBP
1204607513		2017-11-05T22:43:52.000Z	Deluxe Linux Hosting with cPanel Renewal	oxlu.com	0	1 Month	7.99	1.6	9.59	GBP
1204607513		2017-11-05T22:43:52.000Z	Renewal Usage		0	1 Month	0	0	0	GBP
1211291887		2017-11-01T12:56:07.000Z	.ONE Domain Renewal	RAT.ONE	0.11	1 Year	9.81	1.98	11.9	GBP
1211291887		2017-11-01T12:56:07.000Z	.LTD Domain Renewal	AXE.LTD	0.11	1 Year	33.99	6.82	40.92	GBP
1211291887		2017-11-01T12:56:07.000Z	.LTD Domain Renewal	PIT.LTD	0.11	1 Year	33.99	6.82	40.92	GBP
1210942627		2017-10-31T13:49:06.000Z	.UK Domain Renewal	EDUC.UK	0	1 Year	9.99	2	11.99	GBP
1210942627		2017-10-31T13:49:06.000Z	.UK Domain Renewal	FTTP.UK	0	1 Year	9.99	2	11.99	GBP
1207992599		2017-10-25T10:33:46.000Z	.RENTALS Domain Renewal	PORN.RENTALS	0.11	1 Year	30.37	6.1	36.58	GBP
1207992599		2017-10-25T10:33:46.000Z	.COM Domain Renewal	FLILM.COM	0.11	1 Year	12.99	2.62	15.72	GBP
1207654043		2017-10-24T14:11:43.000Z	Basic Auctions Listing Renewal	0i1.com	0	1 Quarter	0	0	0	GBP
1207654043		2017-10-24T14:11:43.000Z	Auctions Home Page Feature Renewal	0i1.com	0	1 Quarter	14.97	2.99	17.96	GBP
1205997277		2017-10-20T19:22:56.000Z	.IO Domain Renewal	HGV.IO	0	1 Year	45.52	9.1	54.62	GBP
1205200478		2017-10-19T14:01:16.000Z	.COFFEE Domain Renewal	CHAT.COFFEE	0.11	1 Year	30.33	6.09	36.53	GBP
1205200478		2017-10-19T14:01:16.000Z	.IO Domain Renewal	SXC.IO	0	1 Year	45.5	9.1	54.6	GBP
1203469958		2017-10-16T10:43:44.000Z	.UK (.CO.UK) Domain Renewal	FLEED.CO.UK	0	1 Year	9.99	2	11.99	GBP
1202572132		2017-10-14T10:46:09.000Z	GoDaddy Auctions Membership w/ DomainAlert(R) - Renewal		0	1 Year	3.99	0.8	4.79	GBP
1202572132		2017-10-14T10:46:09.000Z	Auctions Membership Renewal		0	1 Year	0	0	0	GBP
1202572132		2017-10-14T10:46:09.000Z	Pro Domain Alert Renewal		0	1 Year	0	0	0	GBP
1201859859		2017-10-12T16:10:38.000Z	.UK (.CO.UK) Domain Renewal	0MG.CO.UK	0	1 Year	9.99	2	11.99	GBP
1201263007		2017-10-11T14:15:17.000Z	.UK Domain Renewal	FOES.UK	0	1 Year	9.99	2	11.99	GBP
1200775864		2017-10-10T14:25:48.000Z	Deluxe Linux Hosting with cPanel Renewal	oxlu.com	0	1 Month	7.99	1.6	9.59	GBP
1200775864		2017-10-10T14:25:48.000Z	Renewal Usage		0	1 Month	0	0	0	GBP
1196522675		2017-10-01T11:36:56.000Z	.LIMITED Domain Renewal	SELL.LIMITED	0.11	1 Year	29.85	5.99	35.95	GBP
1196219466		2017-09-30T13:49:14.000Z	.PL (.BIZ.PL) Domain Renewal	UN.BIZ.PL	0	1 Year	14.92	2.98	17.9	GBP
1195607109		2017-09-28T19:39:57.000Z	.COM Domain Renewal	DE4LZ.COM	0.11	1 Year	12.99	2.62	15.72	GBP
1195607109		2017-09-28T19:39:57.000Z	.DEALS Domain Renewal	CAB.DEALS	0.11	1 Year	31.99	6.42	38.52	GBP
1195607109		2017-09-28T19:39:57.000Z	.COM Domain Renewal	IMG0R.COM	0.11	1 Year	12.99	2.62	15.72	GBP
1195607109		2017-09-28T19:39:57.000Z	.SUPPLY Domain Renewal	SKATE.SUPPLY	0.11	1 Year	20.13	4.05	24.29	GBP
1194658839		2017-09-27T10:52:17.000Z	.COM Domain Renewal	FAILX.COM	0.11	1 Year	12.99	2.62	15.72	GBP
1193741594		2017-09-25T12:33:35.000Z	.COM Domain Renewal	VAP0.COM	0.11	1 Year	12.99	2.62	15.72	GBP
1193741594		2017-09-25T12:33:35.000Z	Search Engine Visibility v1 Renewal		0	1 Year	25.99	5.2	31.19	GBP
1191193102		2017-09-19T17:10:01.000Z	.UK (.ME.UK) Domain Renewal	NEED.ME.UK	0	1 Year	7.99	1.6	9.59	GBP
1190515475		2017-09-18T13:40:11.000Z	.COM Bulk Domain Transfer	SK4TE.COM	0.11	1 Year	6.38	1.29	7.78	GBP
1190515475		2017-09-18T13:40:11.000Z	.COM Bulk Domain Transfer	P-HD.COM	0.11	1 Year	6.38	1.29	7.78	GBP
1190515475		2017-09-18T13:40:11.000Z	.COM Bulk Domain Transfer	7O888.COM	0.11	1 Year	6.38	1.3	7.79	GBP
1190515475		2017-09-18T13:40:11.000Z	.COM Bulk Domain Transfer	DI3R.COM	0.11	1 Year	6.38	1.3	7.79	GBP
1190515475		2017-09-18T13:40:11.000Z	.COM Bulk Domain Transfer	PL0Y.COM	0.11	1 Year	6.38	1.3	7.79	GBP
1190515475		2017-09-18T13:40:11.000Z	.COM Bulk Domain Transfer	H0NEY.COM	0.11	1 Year	6.38	1.3	7.79	GBP
1190515475		2017-09-18T13:40:11.000Z	.PARTNERS Bulk Domain Transfer	PORN.PARTNERS	0.11	1 Year	51.54	10.33	61.98	GBP
1190515475		2017-09-18T13:40:11.000Z	.COM Bulk Domain Transfer	0FUK.COM	0.11	1 Year	6.38	1.3	7.79	GBP
1190515475		2017-09-18T13:40:11.000Z	.COM Bulk Domain Transfer	EB9Y.COM	0.11	1 Year	6.38	1.3	7.79	GBP
1190491769		2017-09-18T13:07:19.000Z	.COM Bulk Domain Transfer	MATT9.COM	0.11	1 Year	6.38	1.29	7.78	GBP
1190491769		2017-09-18T13:07:19.000Z	.COM Bulk Domain Transfer	MOT4.COM	0.11	1 Year	6.38	1.29	7.78	GBP
1190491769		2017-09-18T13:07:19.000Z	.COM Bulk Domain Transfer	RATEMYNIPS.COM	0.11	1 Year	6.38	1.3	7.79	GBP
1190491769		2017-09-18T13:07:19.000Z	.ME Bulk Domain Transfer	SEX-TOY.ME	0	1 Year	13.99	2.8	16.79	GBP
1190491769		2017-09-18T13:07:19.000Z	.COM Bulk Domain Transfer	WHOED.COM	0.11	1 Year	6.38	1.3	7.79	GBP
1190491769		2017-09-18T13:07:19.000Z	.COM Bulk Domain Transfer	WEXCY.COM	0.11	1 Year	6.38	1.3	7.79	GBP
1190491769		2017-09-18T13:07:19.000Z	.COM Bulk Domain Transfer	ROFTL.COM	0.11	1 Year	6.38	1.3	7.79	GBP
1190491769		2017-09-18T13:07:19.000Z	.COM Bulk Domain Transfer	GE4RS.COM	0.11	1 Year	6.38	1.3	7.79	GBP
										
1188531610		2017-09-13T16:48:29.000Z	.UK (.ORG.UK) Domain Renewal	SKATEPARK.ORG.UK	0	1 Year	7.99	1.6	9.59	GBP
1187818502		2017-09-12T11:43:09.000Z	.UK (.CO.UK) Domain Renewal	GINC.CO.UK	0	1 Year	9.99	2	11.99	GBP
1186620736		2017-09-09T13:38:26.000Z	.AT Domain Renewal	UGGS.AT	0	1 Year	13.66	2.73	16.39	GBP
1186620736		2017-09-09T13:38:26.000Z	.AT Domain Renewal	LOGIX.AT	0	1 Year	13.66	2.73	16.39	GBP
1165207902		2017-07-24T12:44:56.000Z	Basic Auctions Listing Renewal	0i1.com	0	1 Quarter	0	0	0	GBP
1165207902		2017-07-24T12:44:56.000Z	Auctions Home Page Feature Renewal	0i1.com	0	1 Quarter	14.97	2.99	17.96	GBP
1137933788		2017-05-23T22:29:22.000Z	.UK Domain Registration	lols.uk	0	1 Year	1	0	1	GBP
1137933788		2017-05-23T22:29:22.000Z	Website Builder Free Trial	lols.uk	0	1 Month	0	0	0	GBP
1116352968		2017-04-25T10:51:33.000Z	.UK Domain Registration	helf.uk	0	1 Year	1	0	1	GBP
1116352968		2017-04-25T10:51:33.000Z	.UK Domain Registration	finc.uk	0	1 Year	1	0	1	GBP
1124320970		2017-04-24T13:57:52.000Z	Basic Auctions Listing Renewal	0i1.com	0	1 Quarter	0	0	0	GBP
1124320970		2017-04-24T13:57:52.000Z	Auctions Home Page Feature Renewal	0i1.com	0	1 Quarter	14.97	0	14.97	GBP
1100492124		2017-03-03T23:17:30.000Z	.UK Domain Registration	inst.uk	0	1 Year	4.99	0	4.99	GBP
1100492124		2017-03-03T23:17:30.000Z	Website Builder Free Trial		0	1 Month	0	0	0	GBP
1100120935		2017-03-03T11:32:02.000Z	.UK Domain Registration	luls.uk	0	2 Year	8	0	8	GBP
1096057010		2017-02-23T23:23:24.000Z	.UK Domain Registration	y2y.uk	0	1 Year	4.99	0	4.99	GBP
1088087901		2017-02-07T23:56:14.000Z	.UK Domain Registration	7171.uk	0	2 Year	8	0	8	GBP
1085096350		2017-02-02T09:29:07.000Z	.UK Domain Registration	imot.uk	0	2 Year	8	0	8	GBP
1084881676		2017-01-30T11:56:55.000Z	.UK Domain Registration	6-0.uk	0	1 Year	4.99	0	4.99	GBP
1082243923		2017-01-24T14:49:44.000Z	Basic Auctions Listing Renewal	0i1.com	0	1 Quarter	0	0	0	GBP
1082243923		2017-01-24T14:49:44.000Z	Auctions Home Page Feature Renewal	0i1.com	0	1 Quarter	14.97	0	14.97	GBP
1075652618		2017-01-20T16:20:46.000Z	.COM Domain Registration	141593.com	0.11	1 Year	6.99	0	7.1	GBP
1071062183		2017-01-09T18:01:15.000Z	.COM Domain Registration	1ooks.com	0.11	1 Year	6.99	0	7.1	GBP
1071062183		2017-01-09T18:01:15.000Z	.COM Domain Registration	a-ol.com	0.11	1 Year	6.99	0	7.1	GBP
1063833038		2016-12-29T09:15:01.000Z	.COM Domain Registration	9olf.com	0.11	1 Year	6.99	0	7.1	GBP
1059381564		2016-12-05T09:48:35.000Z	.COM Domain Registration	eatfb.com	0.11	1 Year	6.99	0	7.1	GBP
1051035273		2016-11-15T11:24:05.000Z	.UK Domain Registration	"educ.uk, fttp.uk"	0	1 Year	8.98	0	8.98	GBP
1051035273		2016-11-15T11:24:05.000Z	.COM Domain Registration	"tectonism.com, ceremonialism.com, foreignism.com"	0.33	1 Year	23.97	0	24.3	GBP
1049178566		2016-11-07T09:00:02.000Z	.COM Domain Registration	wh0m.com	0.11	1 Year	7.99	0	8.1	GBP
1046658968		2016-10-31T22:01:05.000Z	.CC Domain Registration	flush.cc	0	1 Year	13.12	0	13.12	GBP
1046506158		2016-10-31T20:44:22.000Z	.LTD Domain Registration	axe.ltd	0.11	1 Year	32.99	0	33.1	GBP
1046506158		2016-10-31T20:44:22.000Z	.ONE Domain Registration	rat.one	0.11	1 Year	5.99	0	6.1	GBP
1046506158		2016-10-31T20:44:22.000Z	.LTD Domain Registration	pit.ltd	0.11	1 Year	32.99	0	33.1	GBP
1046400521		2016-10-30T21:01:12.000Z	.UK (.CO.UK) Domain Registration	fleed.co.uk	0	1 Year	4.49	0	4.49	GBP
										
1045083447		2016-10-27T14:36:29.000Z	.IO Domain Registration	wisest.io	0	1 Year	41.06	0	41.06	GBP
1045083447		2016-10-27T14:36:29.000Z	.INFO Domain Registration	wisest.info	0.11	1 Year	2.92	0	3.03	GBP
1044343262		2016-10-26T12:22:17.000Z	.UK Domain Registration	foes.uk	0	1 Year	4.49	0	4.49	GBP
1044343262		2016-10-26T12:22:17.000Z	.UK (.CO.UK) Domain Registration	0mg.co.uk	0	1 Year	4.49	0	4.49	GBP
										
1043808002		2016-10-24T16:38:06.000Z	.COM Domain Registration	flilm.com	0.11	1 Year	7.99	0	8.1	GBP
1043782908		2016-10-24T16:07:09.000Z	Basic Auctions Listing	0i1.com	0	1 Quarter	0	0	0	GBP
1043782908		2016-10-24T16:07:09.000Z	Auctions Home Page Feature	0i1.com	0	1 Quarter	13.99	2.8	16.79	GBP
1043423986		2016-10-24T11:50:54.000Z	.RENTALS Domain Registration	porn.rentals	0.11	1 Year	20.24	0	20.35	GBP
1043423986		2016-10-24T11:50:54.000Z	.IO Domain Registration	grime.io	0	1 Year	31.49	0	31.49	GBP
1043423986		2016-10-24T11:50:54.000Z	.IO Domain Registration	midge.io	0	1 Year	31.49	0	31.49	GBP
1043423986		2016-10-24T11:50:54.000Z	.IO Domain Registration	pme.io	0	1 Year	31.5	0	31.5	GBP
1042646548		2016-10-22T02:49:31.000Z	.COM Domain Registration	0-999.com	0.11	1 Year	7.99	0	8.1	GBP
1040846143		2016-10-19T20:14:01.000Z	.COM Domain Registration	ar4b.com	0.11	1 Year	7.99	0	8.1	GBP
1040846143		2016-10-19T20:14:01.000Z	.GURU Domain Registration	utube.guru	0.11	1 Year	7.99	0	8.1	GBP
1040846143		2016-10-19T20:14:01.000Z	.IO Domain Registration	hgv.io	0	1 Year	41.99	0	41.99	GBP
1040839188		2016-10-18T01:14:41.000Z	.COFFEE Domain Registration	chat.coffee	0.11	1 Year	27.99	0	28.1	GBP
1040839188		2016-10-18T01:14:41.000Z	.DELIVERY Domain Registration	win.delivery	0.11	1 Year	8.2	0	8.31	GBP
1040839188		2016-10-18T01:14:41.000Z	.IO Domain Registration	sxc.io	0	1 Year	41.99	0	41.99	GBP
1039581135		2016-10-14T16:27:43.000Z	GoDaddy Auctions - Membership w/ DomainAlert. Pro Monitoring		0	1 Year	3.99	0.8	4.79	GBP
1039581135		2016-10-14T16:27:43.000Z	Auctions Membership		0	1 Year	0	0	0	GBP
1039581135		2016-10-14T16:27:43.000Z	Pro Domain Alert		0	1 Year	0	0	0	GBP
1039500768		2016-10-14T14:34:29.000Z	.PL (.BIZ.PL) Domain Registration	un.biz.pl	0	1 Year	6.99	0	6.99	GBP
1039500768		2016-10-14T14:34:29.000Z	.CO (.NET.CO) Domain Registration	one.net.co	0	1 Year	13.99	0	13.99	GBP
1039454254		2016-10-14T14:32:03.000Z	.CO Domain Registration	coincasino.co	0	1 Year	6.99	0	6.99	GBP
1039454254		2016-10-14T14:32:03.000Z	.CO (.NET.CO) Domain Registration	all.net.co	0	1 Year	13.99	0	13.99	GBP
1039454254		2016-10-14T14:32:03.000Z	.CO (COM.CO) Domain Registration	mom.com.co	0	1 Year	13.99	0	13.99	GBP
1039454254		2016-10-14T14:32:03.000Z	.CO (.NET.CO) Domain Registration	for.net.co	0	1 Year	13.99	0	13.99	GBP
1039454254		2016-10-14T14:32:03.000Z	.CO (COM.CO) Domain Registration	and.com.co	0	1 Year	13.99	0	13.99	GBP
1034101976		2016-10-03T18:31:52.000Z	.UK (.ME.UK) Domain Registration	need.me.uk	0	1 Year	4.99	0	4.99	GBP
1034101976		2016-10-03T18:31:52.000Z	.NET Domain Registration	kiqz.net	0.11	1 Year	8.99	0	9.1	GBP
1033543247		2016-09-30T10:51:53.000Z	Premium Listing	BEGTV.COM	0	1 Month	0	0	0	GBP
1033501762		2016-09-30T09:35:58.000Z	.LIMITED Domain Registration	sell.limited	0.11	1 Year	26.99	0	27.1	GBP
1032496686		2016-09-27T21:52:04.000Z	.UK (.ORG.UK) Domain Registration	skatepark.org.uk	0	1 Year	4.99	0	4.99	GBP
1032496686		2016-09-27T21:52:04.000Z	.DEALS Domain Registration	cab.deals	0.11	1 Year	31.99	0	32.1	GBP
1032496686		2016-09-27T21:52:04.000Z	.SUPPLY Domain Registration	skate.supply	0.11	1 Year	20.99	0	21.1	GBP
1032496686		2016-09-27T21:52:04.000Z	.COM Domain Registration	img0r.com	0.11	1 Year	7.99	0	8.1	GBP
1032236589		2016-09-27T12:21:46.000Z	.COM Domain Transfer	0I1.COM	0.11	1 Year	6.49	0	6.6	GBP
1032230018		2016-09-27T12:11:12.000Z	.COM Domain Registration	de4lz.com	0.11	1 Year	7.99	0	8.1	GBP
1032230018		2016-09-27T12:11:12.000Z	Microsoft 365 Email - FREE Month		0	1 Month	0	0	0	GBP
1032193062		2016-09-27T11:19:30.000Z	.COM Domain Transfer	SK4TE.COM	0.11	1 Year	6.49	0	6.6	GBP
1032186504		2016-09-27T11:11:16.000Z	Deluxe Linux Hosting with cPanel	oxlu.com	0	0.997 Year	0	0	0	USD
1031732264		2016-09-26T11:37:23.000Z	.AT Domain Registration	uggs.at	0	1 Year	13.99	0	13.99	GBP
1031732264		2016-09-26T11:37:23.000Z	.AT Domain Registration	logix.at	0	1 Year	13.99	0	13.99	GBP
1031715677		2016-09-26T10:59:47.000Z	.UK (.CO.UK) Domain Registration	ginc.co.uk	0	1 Year	4.49	0	4.49	GBP
1031674159		2016-09-26T10:22:19.000Z	Search Engine Visibility v1		0	1 Year	15.34	3.07	18.41	GBP
1031674159		2016-09-26T10:22:19.000Z	.COM Domain Registration	failx.com	0.11	1 Year	0	0	0.11	GBP
1031674159		2016-09-26T10:22:19.000Z	Deluxe Linux Hosting with cPanel	oxlu.com	0	1 Year	59.88	11.97	71.85	GBP
1031672709		2016-09-26T09:12:15.000Z	.MOBI Domain Registration	oli.mobi	0.22	2 Year	18.98	0	19.2	GBP
1031672709		2016-09-26T09:12:15.000Z	.MOBI Domain Registration	googletranslate.mobi	0.22	2 Year	18.98	0	19.2	GBP
1031627851		2016-09-25T21:12:39.000Z	.COM Domain Registration	xxxwanktube.com	0.11	1 Year	7.99	0	8.1	GBP
1031627851		2016-09-25T21:12:39.000Z	Private Domain Registration	xxxwanktube.com	0	1 Year	3.99	0.8	4.79	GBP
1031008853		2016-09-24T13:42:00.000Z	.COM Domain Registration	begtv.com	0.22	2 Year	11.98	0	12.2	GBP
1030928585		2016-09-24T11:51:29.000Z	.COM Domain Registration	vap0.com	0.11	1 Year	7.99	0	8.1	GBP
1030817103		2016-09-24T10:32:54.000Z	.COM Domain Registration	p0pz.com	0.22	2 Year	11.98	0	12.2	GBP
